Fly,Gut
Button,Piston
FlyButton,GutPiston
Cash,Arab
Value,Moose
CashValue,ArabMoose
Via,Maw
_Via1,_Maw1
_Via2,_Maw2
cash,Lien
Num,Bow
cashNum,LienBow
_cashNum,_LienBow
Need,Left
Delete,Adhere
NeedDelete,LeftAdhere
is,Up
Test,Grid
isTest,UpGrid
Keys,Kick
CHANNEL,CHANNEL
ID,ID
CHANNEL_ID,CHANNEL_ID
url,Nss
Scheme,Dismal
urlScheme,NssDismal
Item,Cult
FlyItem,GutCult
Open,Yelp
isOpenFly,UpYelpGut
left,Hart
Or,An
Right,Flask
leftOrRight,HartAnFlask
start,Paper
Time,Rich
startOpenTime,PaperYelpRich
_startOpenTime,_PaperYelpRich
fly,Sum
Add,Axe
flyAddTime,SumAxeRich
_flyAddTime,_SumAxeRich
ready,Proof
Game,Fade
View,Snap
GameView,FadeSnap
Id,At
Interval,Efficacy
On,Of
Tick,Soil
OnTick,OfSoil
Is,Up
Repeating,Dandelion
IsRepeating,IsDandelion
Paused,Direct
IsPaused,UpDirect
Remaining,Disappear
RemainingTime,DisappearRich
Coroutine,Diversify
timers,Sunset
_timers,_Sunset
next,Flop
Timer,Stone
nextTimerId,FlopStoneAt
_nextTimerId,_FlopStoneAt
m,m
Skeleton,Enforcer
Graphic,Updraft
SkeletonGraphic,EnforcerUpdraft
m_SkeletonGraphic,m_EnforcerUpdraft
texts,Trait
Obj,Sun
textsObj,TraitSun
number,Cooper
Text,Sago
numberText,CooperSago
original,Identity
Scale,Raise
originalScale,IdentityRaise
current,Acreage
Tween,Tower
currentTween,AcreageTower
overshoot,Candidate
overshootScale,CandidateRaise
duration,Shortage
ease,Loud
In,No
easeIn,LoudNo
Out,But
easeOut,LoudBut
game,Lime
Board,Ratio
gameBoard,LimeRatio
Down,Lust
TimeDown,RichLust
timedown,Emigrant
Commbo,Arctic
isCommbo,UpArctic
m_isCommbo,m_UpArctic
Combo,Clump
Count,Image
ComboCount,ClumpImage
m_ComboCount,m_ClumpImage
event,Strut
System,Regret
eventSystem,StrutRegret
reward,Cellar
rewardText,CellarSago
ADButton,ADPiston
Next,Lien
Level,Tenth
NextLevelButton,NextTenthPiston
ADText,ADSago
Slot,Hold
SlotBG,HoldBG
Reward,Radium
Image,Utter
RewardCashImage,RadiumArabUtter
Gold,Bold
RewardGoldImage,RadiumBoldUtter
RewardText,RadiumSago
rewardValue,CellarMoose
has,Ute
Clicked,Recital
Ad,To
Btn,Dew
hasClickedAdBtn,UteRecitalToDew
grt,Toe
More,Idle
Rect,Flee
grtMoreRect,ToeIdleFlee
Dstate,Trance
ADstate,ATrance
tween,Sieve
slider,Appeal
sliderImage,AppealUtter
progress,Forelimb
progressText,ForelimbSago
AD,AD
AD_Button,AD_Piston
Restart,General
Restart_Button,General_Piston
Use,Urn
Use_Button,Urn_Piston
countdown,Shortwave
Sprites,Railway
countdownSprites,ShortwaveRailway
countdownInterval,ShortwaveEfficacy
countdownCoroutine,ShortwaveDiversify
Apple,Honor
AppleAD,HonorAD
AppleAD_Button,HonorAD_Piston
Coin,Dumb
AppleCoin,HonorDumb
AppleCoin_Button,HonorDumb_Piston
Stars,Excel
star,Aide
Sprite,Nitric
star1Sprite,Aide1Nitric
star2Sprite,Aide2Nitric
Lose,Glow
CLoseBtn,CGlowDew
target,Random
targetObj,RandomSun
padding,Hostile
shrink,Unsure
shrinkTime,UnsureRich
Offset,Adhere
targetOffsetX,RandomOffsetX
targetOffsetY,RandomAdhereY
material,Lifetime
targetRect,RandomFlee
Canvas,Energy
targetCanvas,RandomEnergy
mask,Gnaw
maskRect,GnawFlee
currentOffsetX,AcreageAdhereX
currentOffsetY,AcreageAdhereY
Pos,Oak
targetPosX,RandomOakX
targetPosY,RandomOakY
Velocity,Exertion
shrinkVelocityX,UnsureExertionX
shrinkVelocityY,UnsureExertionY
Penetrate,Volunteer
eventPenetrate,StrutVolunteer
use,Icy
Target,Squash
useTargetObj,IcySquashSun
Trans,Exist
rewardTrans,CellarExist
par,Win
parObj,WinSun
adobj,Clear
adrettrfansform,Inconspicuously
State,Crane
AdState,ToCrane
Vector,Demise
pos,Not
Vector3pos,Demise3Not
Sound,Wispy
Sound_Button,Wispy_Piston
Music,Panel
Music_Button,Panel_Piston
Icon,Page
SoundIcon,WispyPage
MusicIcon,PanelPage
Continue,Geologic
Continue_Button,Geologic_Piston
CLose,CGlow
CLose_Button,CGlow_Piston
Close,Media
MusicCloseSprite,PanelMediaNitric
MusicOpenSprite,PanelYelpNitric
SoundCloseSprite,WispyMediaNitric
SoundOpenSprite,WispyYelpNitric
Init,Volt
Group,Thing
InitGroup,VoltThing
template,Allegory
Multi,Sound
Object,Typify
templateMultiObject,AllegorySoundTypify
item,Diet
Width,Mason
itemWidth,DietMason
CloseButton,MediaPiston
time,Knot
Items,Still
timeRewardItems,KnotRadiumStill
day,Ear
Datas,Arrow
dayRewardDatas,EarRadiumArrow
Index,Nomad
ItemIndex,CultNomad
m_ItemIndex,m_CultNomad
m_RewardText,m_RadiumSago
AdCountText,ToImageSago
m_AdCountText,m_ToImageSago
Watch,Slate
AdWatchBtn,ToSlateDew
m_AdWatchBtn,m_ToSlateDew
Rewareded,Uncounted
RewarededBtn,UncountedDew
m_RewarededBtn,m_UncountedDew
TimeBtn,RichDew
m_TimeBtn,m_RichDew
Get,Own
GetBtn,OwnDew
m_GetBtn,m_OwnDew
Finish,Ashcan
OnAdFinish,OfToAshcan
OnGetFinish,OfOwnAshcan
Day,Yew
Data,Loom
DayRewardData,YewRadiumLoom
m_DayRewardData,m_YewRadiumLoom
Audio,Heave
Mgr,Ere
AudioMgr,HeaveEre
Component,Piecework
Queue,Think
AudioComponentQueue,HeavePieceworkThink
Max,Mud
MaxCount,MudImage
AudioQueue,HeaveThink
bg,At
bgMusic,bgPanel
m_bgMusic,m_bgPanel
Play,Inch
Source,Avenue
List,Foul
PlayAudioSourceList,InchHeaveAvenueFoul
Check,Spout
CheckInterval,SpoutEfficacy
Bg,Ox
Switch,Desire
BgMusicSwitch,OxPanelDesire
_BgMusicSwitch,_OxPanelDesire
Effect,Bellow
EffectMusicSwitch,BellowPanelDesire
_EffectMusicSwitch,_BellowPanelDesire
Volume,Import
BgVolume,OxImport
_BgVolume,_OxImport
EffectVolume,BellowImport
_EffectVolume,_BellowImport
BGM,BGM
Name,Whig
BGM_Name,BGM_Whig
Setting,Ingoing
Dict,Cope
AudioSettingDict,HeaveIngoingCope
Round,Strut
Digits,Revise
RoundDigits,RoundRevise
frames,Cinema
framerate,Rebellion
ignore,Garden
ignoreTimeScale,GardenRichRaise
loop,Mean
curve,Lewis
image,Spill
sprite,Barrel
Renderer,Creature
spriteRenderer,BarrelCreature
Frame,Crest
currentFrameIndex,AcreageCrestNomad
timer,Enjoy
Framerate,Recipient
currentFramerate,AcreageRecipient
Type,Rate
Target_Type,Squash_Rate
Layout,Ashcan
Layout_Type,Layout_Rate
Run,Vie
Run_Time,Vie_Rich
Number,Vacant
Layout_Number,Ashcan_Vacant
adjust,Motion
adjustID,MotionID
sv,Dy
Just,Lump
ADJustInitType,ADLumpVoltRate
sv_ADJustInitType,Dy_ADLumpVoltRate
ADJustTime,ADLumpRich
sv_ADJustTime,Dy_ADLumpRich
Revenue,Amplify
adjustInitAdRevenue,MotionVoltToAmplify
MAX,MAX
SDK,SDK
KEY,KEY
MAX_SDK_KEY,MAX_SDK_KEY
REWARD,REWARD
MAX_REWARD_ID,MAX_REWARD_ID
INTER,INTER
MAX_INTER_ID,MAX_INTER_ID
retry,Sight
Attempt,Fateful
retryAttempt,SightFateful
Showing,Animate
isShowingAd,UpAnimateTo
Network,Magical
rewardNetworkName,CellarMagicalWhig
Call,Tent
Back,Perm
Action,Eocene
rewardCallBackAction,CellarTentPermEocene
Success,Bedroom
rewardSuccess,CellarBedroom
rewardIndex,CellarNomad
interstitial,Preparedness
interstitialNetworkName,PreparednessMagicalWhig
interstitialType,PreparednessRate
interstitialIndex,PreparednessNomad
ad,An
Playing,Variety
Callbacks,Enjoyable
adPlayingCallbacks,adVarietyEnjoyable
application,Inefficient
Pause,Hinge
Timestamp,Rationale
applicationPauseTimestamp,InefficientHingeRationale
Custom,Vacant
RewardAdCustomData,RadiumToCustomLoom
Interstitial,Proficiently
InterstitialAdCustomData,ProficientlyToVacantLoom
appid,There
dictionary,Standpoint
Message,Sharply
dictionaryMessage,StandpointSharply
value,Chile
Bool,Deem
valueBool,ChileDeem
valueBool2,ChileDeem2
Int,Nor
valueInt,ChileNor
valueInt2,ChileNor2
valueInt3,ChileNor3
Float,Roost
valueFloat,ChileRoost
valueFloat2,ChileRoost2
Double,Shovel
valueDouble,ChileShovel
valueDouble2,ChileShovel2
String,Change
valueString,ChileChange
valueString2,ChileChange2
valueGameObject,ChileFadeTypify
valueGameObject2,ChileFadeTypify2
valueGameObject3,ChileFadeTypify3
valueGameObject4,ChileFadeTypify4
Transform,Meteoroid
valueTransform,ChileMeteoroid
valueStringList,ChileChangeFoul
Vec,Ski
valueVec,ChileSki
valueVec2List,ChileSki2Foul
valueIntList,ChileNorFoul
message,Toddler
messageCallBack,ToddlerTentPerm
vec,Six
vec2_1,Six2_1
vec2_2,Six2_2
Login,Humid
Url,Cow
LoginUrl,HumidCow
Config,Fellow
ConfigUrl,FellowCow
TimeUrl,RichCow
Adjust,Census
AdjustUrl,CensusCow
Local,Sully
User,Tilt
LocalUserId,SullyTiltAt
sv_LocalUserId,Dy_SullyTiltAt
Server,Oxygen
LocalServerId,SullyOxygenAt
sv_LocalServerId,Dy_SullyOxygenAt
New,Fox
Player,Census
IsNewPlayer,UpFoxPlayer
sv_IsNewPlayer,Dy_UpFoxPlayer
user,Wold
show,Gold
rate,Tram
us,Ox
sv_user_show_rate_us,Dy_Wold_Gold_Tram_us
Daily,Field
Bouns,Hover
DailyBounsGetCount,FieldHoverOwnImage
sv_DailyBounsGetCount,Dy_FieldHoverOwnImage
Date,Food
DailyBounsDate,FieldHoverFood
sv_DailyBounsDate,Dy_FieldHoverFood
Step,Dare
NewUserStep,FoxTiltDare
sv_NewUserStep,Dy_FoxTiltDare
GoldCoin,BoldDumb
sv_GoldCoin,Dy_BoldDumb
Cumulative,Aggression
CumulativeGoldCoin,AggressionBoldDumb
sv_CumulativeGoldCoin,Dy_AggressionBoldDumb
Token,Flood
sv_Token,Dy_Flood
CumulativeToken,AggressionFlood
sv_CumulativeToken,Dy_AggressionFlood
Point,Stage
PointCashToken,StageArabFlood
sv_PointCashToken,Dy_StageArabFlood
Amazon,Motion
sv_Amazon,Dy_Amazon
CumulativeAmazon,AggressionMotion
sv_CumulativeAmazon,Dy_AggressionMotion
Total,Genre
TotalGameTime,GenreFadeRich
sv_TotalGameTime,Dy_GenreFadeRich
First,Young
FirstGetToken,YoungOwnFlood
sv_FirstGetToken,Dy_YoungOwnFlood
Has,Rim
Show,Bead
Rate,Mood
Panel,Store
HasShowRatePanel,RimBeadMoodStore
sv_HasShowRatePanel,Dy_RimBeadMoodStore
Lottery,Coaming
CumulativeLottery,AggressionCoaming
sv_CumulativeLottery,Dy_AggressionCoaming
Already,Natural
Pass,Emit
Levels,Uranus
AlreadyPassLevels,NaturalEmitUranus
sv_AlreadyPassLevels,Dy_NaturalEmitUranus
NewUserStepFinish,FoxTiltDareAshcan
sv_NewUserStepFinish,Dy_FoxTiltDareAshcan
task,Dual
level,Bring
count,Hardy
sv_task_level_count,Dy_Dual_Bring_Hardy
FirstSlot,YoungHold
sv_FirstSlot,Dy_YoungHold
Low,Lys
FirstLowReward,YoungLysRadium
sv_FirstLowReward,Dy_YoungLysRadium
Adid,Upon
AdjustAdid,CensusUpon
sv_AdjustAdid,Dy_CensusUpon
trial,Spark
num,Peg
sv_ad_trial_num,Dy_An_Spark_Peg
total,Compo
sv_total_ad_num,Dy_Compo_An_Peg
Last,Slay
Key,Gun
LastCheckDateKey,SlaySpoutFoodGun
sv_LastCheckDateKey,Dy_SlaySpoutFoodGun
DailyReward,FieldRadium
sv_DailyReward,Dy_FieldRadium
mg,Me
Window,Pointe
WindowOpen,PointeYelp
mg_WindowOpen,Me_PointeYelp
WindowClose,PointeMedia
mg_WindowClose,Me_PointeMedia
ui,So
levelcomplete,Intentionally
mg_ui_levelcomplete,Me_So_Intentionally
addgold,Arrange
mg_ui_addgold,Me_So_Arrange
addtoken,Ordnance
mg_ui_addtoken,Me_So_Ordnance
addamazon,Retentive
mg_ui_addamazon,Me_So_Retentive
Suspend,Reaumur
GameSuspend,FadeReaumur
mg_GameSuspend,Me_FadeReaumur
Change,Pillow
ItemChange,CultPillow
mg_ItemChange_,Me_CultPillow_
Activity,Chicopee
ActivityStateChange,ChicopeeCranePillow
mg_ActivityStateChange_,Me_ChicopeeCranePillow_
LevelMaxLevelChange,TenthMudTenthPillow
mg_LevelMaxLevelChange,Me_TenthMudTenthPillow
Updata,Cheese
OnComboUpdata,OfClumpCheese
mg_OnComboUpdata,Me_OfClumpCheese
OnComboShow,OfClumpBead
mg_OnComboShow,Me_OfClumpBead
Score,Favor
OnAddScore,OfAxeFavor
mg_OnAddScore,Me_OfAxeFavor
UpdataDayReward,CheeseYewRadium
mg_UpdataDayReward,Me_CheeseYewRadium
path,View
path_GoldCoin_Sprite,View_BoldDumb_Nitric
Dimond,Tundra
path_Token_Sprite_Dimond,View_Flood_Nitric_Tundra
From,Each
DataFrom,LoomEach
TIMEOUT,TIMEOUT
Base,Come
BaseUrl,ComeCow
BaseLoginUrl,ComeHumidCow
BaseConfigUrl,ComeFellowCow
BaseTimeUrl,ComeRichCow
BaseAdjustUrl,ComeCensusCow
Code,Cash
GameCode,FadeCash
Channel,Nonself
country,Artiste
ConfigData,FellowLoom
GameData,FadeLoom
InitData,VoltLoom
Manager,Analyze
adManager,AnAnalyze
gaid,Anti
aid,Lug
idfa,Jade
ready_count,Proof_Hardy
Block,Light
Rule,Thin
BlockRule,LightThin
Str,Owe
UserDataStr,TiltLoomOwe
UserData,TiltLoom
Info,Town
GetUserInfoCount,OwnTiltTownImage
text,Coil
GetSuccess,OwnBedroom
Fail,Husk
GetFail,OwnHusk
DEFAULT,DEFAULT
DEFAULT_TIMEOUT,DEFAULT_TIMEOUT
RETRY,RETRY
COUNT,COUNT
MAX_RETRY_COUNT,MAX_RETRY_COUNT
INTERVAL,INTERVAL
RETRY_INTERVAL,RETRY_INTERVAL
request,Defense
Tasks,Front
requestTasks,DefenseFront
Net,Mob
Work,Auto
NetWorkGetList,MobAutoOwnFoul
Post,Bask
NetWorkPostList,MobAutoBaskFoul
URL,URL
Form,Deer
PostSuccess,BaskBedroom
PostFail,BaskHusk
isclick,Outline
Hand,Bark
corners,Auction
targetWidth,RandomMason
Height,Domain
targetHeight,RandomDomain
center,Sleepy
Pool,Tuna
PoolQueue,TunaThink
m_PoolQueue,m_TunaThink
PoolName,TunaWhig
m_PoolName,m_TunaWhig
Parent,Tomato
m_Parent,m_Tomato
prefab,Combat
m_MaxCount,m_MudImage
Default,Painful
DefaultMaxCount,PainfulMudImage
m_DefaultMaxCount,m_PainfulMudImage
Dic,Pit
PoolDic,TunaPit
m_PoolDic,m_TunaPit
Root,June
RootTransform,JuneMeteoroid
m_RootTransform,m_JuneMeteoroid
Toast,Ought
ToastText,OughtSago
need,Rule
Start,Woody
Refresh,Attempt
needStartRefresh,RuleWoodyAttempt
Tracker,Flatten
TrackerName,FlattenWhig
Adjust_TrackerName,Census_FlattenWhig
Save,Same
AP,AP
Save_AP,Same_AP
Normal,Follow
Mode,Flop
NormalModeName,FollowModeWhig
Distances,Generator
Reason,Injure
Log,Mat
StepLog,DareMat
NumText,BowSago
Clock,Brick
ClockText,BrickSago
Pointer,Federal
Bar,Him
GoldBar,BoldHim
BackBtn,PermDew
SettingBtn,IngoingDew
Select,Canada
SelectBtn,CanadaDew
SelectText,CanadaSago
SelectLevelObj,CanadaTenthSun
Img,Hat
cashImg,LienHat
cashNumText,LienBowSago
LevelText,TenthSago
instrans,Organism
tip,Sew
tipPanel,SewStore
tipText,SewSago
Background,Conspiracy
tipBackground,SewConspiracy
tipCloseButton,SewMediaPiston
Comboanim,Household
ComboanimPB,HouseholdPB
ComboParent,ClumpTomato
DayTimeBtn,YewRichDew
Red,Sex
DayTimeRedPoint,YewRichSexStage
Cashout,Microbe
CashoutBtn,MicrobeDew
Position,Turnpike
originalCashoutBtnPosition,IdentityMicrobeDewTurnpike
Sk,By
SkBG,ByBG
m_SkBG,m_ByBG
SkSetting,ByIngoing
m_SkSetting,m_ByIngoing
Bottomobj,Unlimited
m_Bottomobj,m_Unlimited
GoldImg,BoldHat
GoldFly,BoldGut
Logo,Duke
settingbtn,Imperative
settingbtn1,Imperative1
Coinimage,Looseness
CoinStr,DumbOwe
gold,Cute
goldFlyFinishCount,CuteGutAshcanImage
App,Sea
AppSetting,SeaIngoing
_AppSetting,_SeaIngoing
SYS,SYS
PATH,PATH
CANVAS,CANVAS
SYS_PATH_CANVAS,SYS_PATH_CANVAS
UIFORMS,UIFORMS
CONFIG,CONFIG
INFO,INFO
SYS_PATH_UIFORMS_CONFIG_INFO,SYS_PATH_UIFORMS_CONFIG_INFO
TAG,TAG
SYS_TAG_CANVAS,SYS_TAG_CANVAS
NORMAL,NORMAL
NODE,NODE
SYS_NORMAL_NODE,SYS_NORMAL_NODE
FIXED,FIXED
SYS_FIXED_NODE,SYS_FIXED_NODE
POPUP,POPUP
SYS_POPUP_NODE,SYS_POPUP_NODE
TOP,TOP
SYS_TOP_NODE,SYS_TOP_NODE
SCRIPTMANAGER,SCRIPTMANAGER
SYS_SCRIPTMANAGER_NODE,SYS_SCRIPTMANAGER_NODE
UICAMERA,UICAMERA
SYS_UICAMERA_NODE,SYS_UICAMERA_NODE
on,Ox
Click,Never
onClick,onNever
onDown,OxLust
Enter,Marsh
onEnter,OxMarsh
Exit,Kind
onExit,OxKind
Up,He
onUp,OxHe
onSelect,OxCanada
Update,Galaxy
onUpdateSelect,OxGalaxyCanada
dic,Pit
Messages,Monarchy
dicMessages,dicMonarchy
_dicMessages,_dicMonarchy
_Key,_Gun
Values,Tongue
_Values,_Tongue
Instance,Overtone
_Instance,_Overtone
ht,He
Go,My
GoCanvasRoot,MyEnergyJune
_GoCanvasRoot,_MyEnergyJune
Tra,Air
Scripts,Festive
Node,Knit
TraUIScriptsNode,AirUIFestiveKnit
_TraUIScriptsNode,_AirUIFestiveKnit
To,Be
GoToPanel,MyBeStore
_GoToPanel,_MyBeStore
Mask,Mite
GoMaskPanel,MyMiteStore
_GoMaskPanel,_MyMiteStore
Camera,Bottom
UICamera,UIBottom
_UICamera,_UIBottom
Original,Incubate
Depth,Lathe
OriginalUICameraDepth,IncubateUIBottomLathe
_OriginalUICameraDepth,_IncubateUIBottomLathe
Instatnce,Analogous
_Instatnce,_Analogous
Lauguage,Complain
Cache,Timer
DicLauguageCache,PitComplainTimer
_DicLauguageCache,_PitComplainTimer
Current,Seminar
CurrentUIType,SeminarUIRate
_CurrentUIType,_SeminarUIRate
close,Total
button,Saturn
close_button,Total_Saturn
Main,Clan
MainCanvas,ClanEnergy
Forms,Flank
Paths,Prime
DicFormsPaths,PitFlankPrime
_DicFormsPaths,_PitFlankPrime
DicALLUIForms,PitALLUIFlank
_DicALLUIForms,_PitALLUIFlank
Sta,His
StaCurrentUIForms,HisSeminarUIFlank
_StaCurrentUIForms,_HisSeminarUIFlank
DicCurrentShowUIForms,PitSeminarBeadUIFlank
_DicCurrentShowUIForms,_PitSeminarBeadUIFlank
Wait,Boon
WaitUIForms,BoonUIFlank
_WaitUIForms,_BoonUIFlank
Transfrom,Columbian
TraCanvasTransfrom,AirEnergyColumbian
_TraCanvasTransfrom,_AirEnergyColumbian
TraNormal,AirFollow
_TraNormal,_AirFollow
Fixed,Towel
TraFixed,AirTowel
_TraFixed,_AirTowel
Pop,Dew
TraPopUp,AirPopHe
_TraPopUp,_AirPopHe
Top,Ask
_Top,_Ask
TraUIScripts,AirUIFestive
_TraUIScripts,_AirUIFestive
TraUICamera,AirUIBottom
_TraUICamera,_AirUIBottom
PanelName,StoreWhig
PanelNameList,StoreWhigFoul
uiFormName,SoDeerWhig
Params,Fleshy
uiFormParams,SoDeerFleshy
Clear,Rapid
Reverse,Genuine
IsClearReverseChange,UpRapidGenuinePillow
mypageview,Antagonism
rect,Tone
posList,NotFoul
Drag,Tint
isDrag,UpTint
stop,Lawn
Move,Roam
stopMove,LawnRoam
Horizontal,Henceforth
targetHorizontal,RandomHenceforth
startDragHorizontal,PaperTintHenceforth
smooting,Spacious
sensitivity,Earnestness
Page,Tale
OnPageChange,OfTalePillow
currentPageIndex,AcreageTaleNomad
Cell,Just
itemCell,DietJust
scroll,Quiver
scrollRect,QuiverFlee
content,Episode
spacing,Station
totalWidth,CompoMason
totalHeight,CompoDomain
visible,Utterly
visibleCount,UtterlyImage
Clac,Frog
isClac,UpFrog
startIndex,PaperNomad
last,Pike
lastIndex,PikeNomad
itemHeight,DietDomain
itemList,DietFoul
visibleList,UtterlyFoul
all,Tin
allList,TinFoul
Volmue,Hyksos
EffectVolmue,BellowHyksos
Frames,Indeed
Ignore,Encode
IgnoreTimeScale,EncodeRichRaise
Loop,Fine
currentCount,AcreageImage
_currentCount,_AcreageImage
currentRevenue,AcreageAmplify
_currentRevenue,_AcreageAmplify
Counter,Fertile
lastPlayTimeCounter,PikeInchRichFertile
counter,Luckily
counter101,Luckily101
counter102,Luckily102
counter103,Luckily103
pause,Boule
pauseTimeInterstitial,BouleRichProficiently
Package,Reserve
PackageName,ReserveWhig
Request,Enhance
RequestId,EnhanceAt
Headers,Conifer
OnSuccess,OfBedroom
OnFail,OfHusk
Retry,Birch
RetryCount,BirchImage
Timeout,Thicken
Running,Foreign
IsRunning,UpForeign
Web,Shy
WebRequest,ShyEnhance
Raw,Sow
RawData,SowLoom
GetNetWorkGetListCount,OwnMobAutoOwnFoulImage
GetNetWorkPostListCount,OwnMobAutoBaskFoulImage
Prefab,Onward
DataCount,LoomImage
Line,Bard
LineHeight,BardDomain
FlyPlay,GutInch
FlyPause,GutHinge
Kill,Bask
FlyKill,GutKill
GetReward,OwnRadium
Gun,Oil
Tune,Wash
GunTuneReason,OilWashInjure
Left,Oven
LeftFly,OvenGut
Rigth,Silly
RigthFly,SillyGut
LoopFly,FineGut
Destroy,Portray
DestroyFlyItem,PortrayGutCult
PopShow,DewBead
Hide,Warm
PopHide,DewWarm
ChangeNumber,PillowVacant
Best,Poet
GoldMoveBest,BoldRoamPoet
Scroll,Unfair
HorizontalScroll,HenceforthUnfair
Print,Lucky
Merge,Amino
get,Mix
getCameraWidth,MixBottomMason
getCameraHeight,MixBottomDomain
World,Shade
getWorldPoint,MixShadeStage
Nearest,Subside
GetNearestGameObject,OwnSubsideFadeTypify
Angle,Prowl
PointToAngle,StageBeProwl
Angle180To360,Prowl180Be360
Unity,Patch
Direction,Wonderful
GetUnityDirection,OwnPatchWonderful
Texture,Dilemma
True,Dive
Size,Loom
getTextureTrueSize,MixDilemmaDiveSize
getSpriteSize,MixNitricLoom
Touch,Widow
getTouchPosition,MixWidowTurnpike
Weight,Lintel
getWeightIndex,MixLintelNomad
Random,Recipe
Sequence,Treasure
GetRandomSequence,OwnRecipeTreasure
Dictionary,Mineralize
StringToDictionary,ChangeBeMineralize
DictionaryToString,MineralizeBeChange
Diff,Gift
DayDateDiff,YewFoodGift
Sec,Gut
SecDateDiff,SecFoodGift
DateDiff,FoodGift
At,Be
GetPosAtText,OwnOakAtSago
Distance,Monument
By,My
Area,Cate
DistanceByArea,MonumentByCate
Encrypt,Imitate
EncryptDES,ImitateDES
Decrypt,Mixture
DecryptDES,MixtureDES
Notification,Deteriorates
Permission,Leadership
RequestNotificationPermission,EnhanceDeterioratesLeadership
Initialize,Illuminate
Notifications,Refrigeration
InitializeNotifications,IlluminateRefrigeration
ClearNotification,RapidDeteriorates
Create,Intent
CreateNotificationChannel,IntentDeterioratesNonself
Send,Arab
Immediate,Lightning
SendImmediateNotification,SendLightningDeteriorates
Schedule,Currency
ScheduleNotification,CurrencyDeteriorates
OpenIEFly,YelpIEGut
Bubble,Monkey
OpenFlyBubble,YelpGutMonkey
DeleteFlyItem,AdhereGutCult
CreateFlyItem,IntentGutCult
InitGameData,VoltFadeLoom
getGold,MixBold
add,Lop
addGold,LopBold
getToken,MixFlood
addToken,LopFlood
getAmazon,MixMotion
addAmazon,LopMotion
opengameview,Legitimately
gameInit,LimeVolt
StartTimer,WoodyStone
TimerCoroutine,StoneDiversify
PauseTimer,HingeStone
Resume,Cowboy
ResumeTimer,CowboyStone
Stop,Pane
StopTimer,PaneStone
All,Ask
Timers,Monroe
StopAllTimers,PaneAllMonroe
Anim,Debt
PlayAnim,InchDebt
Enabled,Sequoia
Event,Trial
EnabledEvent,SequoiaTrial
StartEvent,WoodyTrial
RestartGame,GeneralFade
NextGame,LienFade
GoNext,MyLien
isNewUser,UpFoxTilt
getSlotMultiIndex,MixHoldSoundNomad
play,Dike
playSlot,DikeHold
Countdown,Sensitive
StartCountdown,WoodySensitive
CountdownCoroutine,SensitiveDiversify
StopCountdown,PaneSensitive
light,Dwarf
lightStart,DwarfWoody
closePanel,TotalStore
Parameters,Voluminous
UpdateTargetParameters,GalaxySquashVoluminous
Set,Fad
SetTarget,FadSquash
NumAnim,BowDebt
Us,Dy
ShowRateUsPanel,BeadMoodUsStore
init,Team
initMulti,TeamSound
slot,Deck
Ret,Mow
RetData,MowLoom
Ref,Lap
RefTimeReward,LapRichRadium
RefItem,LapCult
InitAudioSourceQueue,VoltHeaveAvenueThink
For,Eon
Audo,Also
AddAudioSourceForAudoMgr,AxeHeaveAvenueEonAlsoEre
GetAudioComponent,OwnHeavePiecework
Un,ID
UnUseAudioComponent,UnUrnHeavePiecework
set,Map
Bgm,Sky
One,Set
setBgmCloseOneTime,MapSkyMediaSetRich
Replace,Achieve
setBgmReplaceOneTime,MapSkyAchieveSetRich
CheckUnUseAudioComponent,SpoutIDUrnHeavePiecework
SetAllEffectVolume,FadAskBellowImport
PlayBgBase,InchOxCome
PlayEffectBase,InchBellowCome
PlayBg,InchOx
PlayEffect,InchBellow
getVolume,MixImport
Load,Tall
SetBool,FadDeem
GetBool,OwnDeem
SetString,FadChange
GetString,OwnChange
SetFloat,FadRoost
GetFloat,OwnRoost
SetInt,FadNor
GetInt,OwnNor
Array,Urban
SetIntArray,FadNorUrban
GetIntArray,OwnNorUrban
SetFloatArray,FadRoostUrban
GetFloatArray,OwnRoostUrban
SetStringArray,FadChangeUrban
GetStringArray,OwnChangeUrban
SetVector,FadDemise
SetVector2,FadDemise2
GetVector,OwnDemise
GetVector2,OwnDemise2
SetVector3,FadDemise3
GetVector3,OwnDemise3
Quaternion,Rationally
SetQuaternion,FadRationally
GetQuaternion,OwnRationally
SetDouble,FadShovel
GetDouble,OwnShovel
Reset,Fifty
Do,By
DoUpdate,DoGalaxy
Anchor,Foment
SetAnchor,FadFoment
Pivot,Hyper
SetPivot,FadHyper
layout,Africa
layoutAction,AfricaEocene
AdjustInit,CensusVolt
SaveAdjustAdid,SameCensusUpon
GetAdjustAdid,OwnCensusUpon
Status,Boomer
GetAdjustStatus,OwnCensusBoomer
InitAdjustData,VoltCensusLoom
Old,Eel
OldUserSet,EelTiltFad
Act,See
AddActCount,AxeSeeImage
AddAdCount,AxeToImage
LoadAdjustOnAct,TallCensusOfSee
ResetActCount,FiftySeeImage
GetAdjustTime,OwnCensusRich
setAdjustAdid,MapCensusUpon
Rewarded,Academic
Ads,Hem
InitializeRewardedAds,IlluminateAcademicHem
LoadRewardedAd,TallAcademicTo
LoadInterstitial,TallProficiently
Video,Under
playRewardVideo,DikeRadiumUnder
playInterstitialAd,DikeProficientlyTo
playInterstitial,DikeProficiently
Repeat,Borrow
Method,Chitin
RepeatMethod,BorrowChitin
No,We
Thanks,Ignite
NoThanksAddCount,WeIgniteAxeImage
PauseTimeInterstitial,HingeRichProficiently
ResumeTimeInterstitial,CowboyRichProficiently
Trial,Vague
UpdateTrialNum,GalaxyVagueBow
Register,Blowhole
Callback,Dominant
RegisterPlayCallback,BlowholeInchDominant
After,Enjoy
AfterAdPlaySuccess,AfterToInchBedroom
GetTotalAdNum,OwnGenreToBow
Pin,Van
Market,Openly
OpenAPPinMarket,YelpAPVanOpenly
Remove,Awhile
gaidAction,AntiEocene
aidAction,LugEocene
idfaSuccess,JadeBedroom
idfaFail,JadeHusk
Country,Mermaid
getCountry,MixMermaid
GetConfigData,OwnFellowLoom
Loaction,Gatherer
GetLoactionData,OwnGathererLoom
SetConfigData,FadFellowLoom
Ready,Round
GameReady,FadeRound
NetWorkTimeOut,MobAutoRichBut
SendAdjustAdid,ArabCensusUpon
GetUserInfo,OwnTiltTown
Re,Ax
ReGetUserInfo,AxOwnTiltTown
auto,Lens
autoMessage,LensSharply
Para,Silk
SendNoParaEvent,ArabWeSilkTrial
send,Even
Progress,Mandible
sendGameProgress,EvenFadeMandible
SendEvent,ArabTrial
SendPost,ArabBask
end,Eel
endRequest,endEnhance
Http,Bond
HttpGet,BondOwn
HttpPost,BondBask
Json,Tuna
HttpPostJson,BondBaskJson
Process,Biology
ProcessRequest,BiologyEnhance
CreateWebRequest,IntentShyEnhance
Cleanup,Mixture
CleanupRequest,CleanupEnhance
Cancel,Sister
CancelRequest,SisterEnhance
Requests,European
CancelAllRequests,SisterAskEuropean
SetTargetRect,FadSquashFlee
Guide,Flint
ShowGuide,BeadFlint
ShowHand,BeadBark
WorldToCanvasPos,ShadeBeEnergyOak
Animation,Storeroom
HandAnimation,BarkStoreroom
Recycle,Burgess
RecycleAll,BurgessAsk
CreateObjectPool,IntentTypifyTuna
GetGameObject,OwnFadeTypify
RecycleGameObject,BurgessFadeTypify
Query,Hypha
QueryPool,HyphaTuna
GetInstance,OwnOvertone
autoCloseToast,LensMediaOught
ShowToast,BeadOught
Content,Harvard
setContentLayout,MapHarvardAshcan
IsApple,UpHonor
Online,Potter
CheckOnlineData,SpoutPotterLoom
GetDistance,OwnMonument
Editor,Degree
IsEditor,UpDegree
Portrait,Illusory
IsPortrait,UpIllusory
LocalPoint,SullyStage
Screen,Rejoin
ScreenPoint,RejoinStage
LocalPoint2ScreenPoint,SullyStage2RejoinStage
ScreenPoint2LocalPoint,RejoinStage2SullyStage
Of,At
GetWorldPositionOfRectTransform,OwnShadeTurnpikeOfFleeMeteoroid
GetTimestamp,OwnRationale
Format,Armory
DateTimeFormat,FoodRichArmory
Seconds,Ecology
SecondsToDateTime,EcologyBeFoodRich
SecondsFormat,EcologyArmory
SecondsFormat2,EcologyArmory2
DoubleToStr,ShovelBeOwe
Convert,Rebound
With,Yolk
Decimal,Squeeze
Fix,Cue
ConvertWithDecimalFix,ReboundYolkSqueezeCue
Safe,Beat
SafeConvertToDouble,BeatReboundBeShovel
StrToDouble,OweBeShovel
GetWeightRandom,OwnLintelRecipe
GetWeightRandomIndex,OwnLintelRecipeNomad
Chance,Decide
InChance,NoDecide
Shuffle,Whereby
ShuffleArray,WherebyUrban
Enum,Damp
ToEnum,BeDamp
Render,Seaway
End,Any
InitEndTime,VoltAnyRich
RefreshClock,AttemptBrick
Tip,Roe
InitTipPanel,VoltRoeStore
ShowTip,BeadRoe
HideTip,WarmRoe
ShowTipMessage,BeadRoeSharply
Manual,Symbol
ShowTipMessageManual,BeadRoeSharplySymbol
HideTipMessage,WarmRoeSharply
GoldProgress,BoldMandible
Bootom,Famine
SetBootomState,FadFamineCrane
AddCash,AxeArab
CashAddAnimation,ArabAxeStoreroom
AddAnimation,AxeStoreroom
DailyRewardStart,FieldRadiumWoody
RefreshLevelText,AttemptTenthSago
Static,Saline
StaticRefreshLevelText,SalineAttemptTenthSago
Animate,Bravely
AnimateCashoutBtn,BravelyMicrobeDew
Simple,Anyway
AnimateCashoutBtnSimple,BravelyMicrobeDewAnyway
GetAppSettingMaxNumber,OwnSeaIngoingMudVacant
And,Wee
Analysis,Billfish
InitAndAnalysisJson,VoltWeeBillfishTuna
Msg,Car
Listener,Incoming
AddMsgListener,AxeCarIncoming
RemoveMsgListener,AwhileCarIncoming
ClearAllMsgListener,RapidAskCarIncoming
SendMessage,ArabSharply
Resource,Verbally
LoadResource,TallVerbally
Asset,Spend
LoadAsset,TallSpend
SetMaskWindow,FadMitePointe
HideMaskWindow,WarmMitePointe
CancelMaskWindow,SisterMitePointe
Find,Pike
The,Dig
Child,Court
FindTheChildNode,FindDigCourtKnit
GetTheChildNodeComponentScripts,OwnDigCourtKnitPieceworkFestive
AddChildNodeComponent,AxeCourtKnitPiecework
AddChildNodeToParentNode,AxeCourtKnitBeTomatoKnit
ShowText,BeadSago
InitLauguageCache,VoltComplainTimer
FindChildAddComponent,PikeCourtAxePiecework
Freeze,Stocky
Rigister,Sanskrit
RigisterButtonObjectEvent,SanskritPistonTypifyTrial
OpenUIForm,YelpUIDeer
CloseUIForm,MediaUIDeer
Receive,Nursing
ReceiveMessage,NursingSharply
AddPanel,AxeStore
Sub,Ail
SubPanel,AilStore
Loading,Express
InitRootCanvasLoading,VoltJuneEnergyExpress
ShowUIForms,BeadUIFlank
Return,Pearly
CloseOrReturnUIForms,MediaAnPearlyUIFlank
ShowNextPopUp,BeadLienDewHe
ClearWaitUIForms,RapidBoonUIFlank
Catch,Query
LoadFormsToALLUIFormsCatch,TallFlankBeALLUIFlankQuery
LoadUIForm,TallUIDeer
EnterUIFormsCache,MarshUIFlankTimer
ExitUIFormsCache,KindUIFlankTimer
Formst,Oregon
Other,Pylon
EnterUIFormstToCacheHideOther,MarshUIOregonBeTimerWarmPylon
EnterUIFormsCacheWaitClose,MarshUIFlankTimerBoonMedia
ExitUIFormsFromCacheAndShowOther,KindUIFlankEachTimerWeeBeadPylon
Push,Vein
PushUIForms,VeinUIFlank
PopUIForms,DewUIFlank
InitUIFormsPathsData,VoltUIFlankPrimeLoom
InitCamera,VoltBottom
Stack,Vocal
ClearStackArray,RapidVocalUrban
GetCurrentFormStack,OwnSeminarDeerVocal
GetPanelByName,OwnStoreMyWhig
Opening,Exploit
Panels,Lovely
GetOpeningPanels,OwnExploitLovely
pagechange,Strengthen
SetPageIndex,FadTaleNomad
SetData,FadLoom
UpdateItem,GalaxyCult
PopItem,DewCult
PushItem,VeinCult
AddItem,AxeCult
Controller,Successful
AnimationController,StoreroomSuccessful
CustomPrint,VacantLucky
Dictionaries,Salinization
MergeDictionaries,AminoSalinization
GetSystemData,OwnRegretLoom
NotificationManager,DeterioratesAnalyze
FlyManager,GutAnalyze
GameDataManager,FadeLoomAnalyze
MainManager,ClanAnalyze
TimerManager,StoneAnalyze
TimerData,StoneLoom
GameManager,FadeAnalyze
Insert,Client
Tips,Gild
InsertTips,ClientGild
Complete,Timidity
LevelCompletePanel,TenthTimidityStore
LoadingPanel,ExpressStore
Not,Beg
Tools,Bound
NotTools,BegBound
RateUsPanel,MoodDyStore
RectMaskPanel,FleeMiteStore
RewardLowPanel,RadiumLysStore
SendData,ArabLoom
addScoreData,LopFavorLoom
SettingPanel,IngoingStore
SlotGroup,HoldThing
TimeReward,RichRadium
TimeRewardItems,RichRadiumStill
Model,Faith
AudioModel,HeaveFaith
AudioSourceQueue,HeaveAvenueThink
MusicMgr,PanelEre
Resources,Zoologist
MusicResourcesMgr,PanelZoologistEre
MusicType,PanelRate
Common,Factor
CommonConfig,FactorFellow
SaveDataManager,SameLoomAnalyze
Animator,Trillion
FrameAnimator,CrestTrillion
Archor,Parlor
Tool,Face
ArchorTool,ParlorFace
Auto,Dumb
AutoLayout,AutoAshcan
AdjustInitManager,CensusVoltAnalyze
ADManager,ADAnalyze
CustomData,VacantLoom
Ad_CustomData,To_VacantLoom
RateUsManager,MoodDyAnalyze
Center,Resort
Logic,Lyric
MessageCenterLogic,SharplyResortLyric
MessageData,SharplyLoom
CConfig,CFellow
NetInfoMgr,MobTownEre
Script,German
PostEventScript,BaskTrialGerman
NetWorkGetObject,MobAutoOwnTypify
NetWorkManager,MobAutoAnalyze
Task,Pile
RequestTask,EnhancePile
NetWorkPostObject,MobAutoBaskTypify
Guidance,Intently
GuidanceEventPenetrate,IntentlyTrialVolunteer
NewUserGuidePanel,FoxTiltFlintStore
RectGuideMask,FleeFlintMite
ObjectPool,TypifyTuna
ObjectPoolManager,TypifyTunaAnalyze
Mono,Copy
Singleton,Vibration
MonoSingleton,CopyVibration
ToastManager,OughtAnalyze
ScrollViewContentLayout,UnfairSnapHarvardAshcan
Util,Dram
CommonUtil,FactorDram
DateUtil,FoodDram
NumberUtil,VacantDram
RandomUtil,RecipeDram
StringUtil,ChangeDram
RewardItemUI,RadiumCultUI
TimeUI,RichUI
Home,Dire
HomePanel,DireStore
ConfigManagerByJson,FellowAnalyzeMyTuna
KeyValuesInfo,GunTongueTown
KeyValuesNode,GunTongueKnit
Sys,One
Define,Strand
SysDefine,OneStrand
Trigger,Remodel
EventTriggerListener,TrialRemodelIncoming
MessageCenter,SharplyResort
KeyValuesUpdate,GunTongueGalaxy
Anlysis,Saffron
Exception,Hatchling
JsonAnlysisException,TunaSaffronHatchling
ResourcesMgr,ZoologistEre
UIMaskMgr,UIMiteEre
Helper,Person
UnityHelper,PatchPerson
LauguageMgr,ComplainEre
BaseUIForms,ComeUIFlank
UIManager,UIAnalyze
UIFormParams,UIDeerFleshy
UIType,UIRate
Control,Victory
MaskControl,MiteVictory
PageView,TaleSnap
ScrollView,UnfairSnap
ScrollViewItem,UnfairSnapCult
Arrow,Begin
Arrow Open,Begin Yelp
Blockers,Midocean
Pannel,Negate
Title,Anger
Blockers Pannel Title,Midocean Negate Anger
Hover,Fault
Button Level Hover,Piston Tenth Fault
Button Level Normal,Piston Tenth Follow
Minus,Above
Button Minus Hover,Piston Above Fault
Button Minus Normal,Piston Above Follow
Button Next Hover,Piston Lien Fault
Button Next Normal,Piston Lien Follow
Plus,Mail
Button Plus Hover,Piston Mail Fault
Button Plus Normal,Piston Mail Follow
Preview,Decease
Button Preview Hover,Piston Decease Fault
Button Preview Normal,Piston Decease Follow
Layer,Bleak
Disabled,Savannah
ButtonLayerDisabled,PistonBleakSavannah
En,It
Dis,Job
EnDis,ItJob
EnDis Button Check,ItJob Piston Spout
Uncheck,Zealand
EnDis Button Uncheck,ItJob Piston Zealand
Gray,Beer
GrayPannel,BeerNegate
Grid,Drip
Icon Grid,Page Drip
Match,Varve
Icon Match,Page Varve
Mission,Outside
Icon Mission,Page Outside
Input,Heart
Field,Cheep
Active,Clench
Input Field Active,Heart Cheep Clench
Big,Vas
Input Field Big,Heart Cheep Vas
Small,Stint
Input Field Small,Heart Cheep Stint
Input Field,Heart Cheep
Long,Twig
Long Button Hover,Twig Piston Fault
Long Button Normal,Twig Piston Follow
Open Button Check Hover,Yelp Piston Spout Fault
Open Button Check Normal,Yelp Piston Spout Follow
Open Button Hover,Yelp Piston Fault
Open Button Normal,Yelp Piston Follow
Stroke,Cortex
Choosen,Perfume
Stroke Choosen,Cortex Perfume
gray,Lord
Bkg,Kea
grayBkg,LordKea
grayBkg_01,LordKea_01
grayBkg_50,LordKea_50
grayBkg_65,LordKea_65
grayBkg_80,LordKea_80
icon,Gist
Gem,Per
SH,SH
icon_Gem_game_SH,Gist_Per_Lime_SH
Skill,Shake
Icon_Skill_AD,Page_Shake_AD
Button Back Hover,Piston Perm Fault
Button Back Normal,Piston Perm Follow
Button Exit Hover,Piston Kind Fault
Button Exit Normal,Piston Kind Follow
Hint,Cany
Button Hint Hover,Piston Cany Fault
Button Hint Normal,Piston Cany Follow
Menu,Plum
Button Menu Hover,Piston Plum Fault
Button Menu Normal,Piston Plum Follow
Button Number,Piston Vacant
Button Shuffle Hover,Piston Whereby Fault
Button Shuffle Normal,Piston Whereby Follow
CashBar,ArabHim
shadow,Resale
CashBar_shadow,ArabHim_Resale
Cell (2),Just (2)
Cell-2,Just-2
gridcell,Tapeworm
white,Chick
gridcell_white,Tapeworm_Chick
Tile,High
Classic,Arrange
Bamboo,Ashore
Tile Classic Bamboo,High Arrange Ashore
Chrisanthenum,Uncompetitive
Tile Classic Chrisanthenum,High Arrange Uncompetitive
Orchid,Orchid
Tile Classic Orchid,High Arrange Orchid
Plum,High
Tile Classic Plum,High Arrange High
Autumn,Closet
Tile Classic Autumn,High Arrange Closet
Spring,Retail
Tile Classic Spring,High Arrange Retail
Summer,Halite
Tile Classic Summer,High Arrange Halite
Winter,Outcry
Tile Classic Winter,High Arrange Outcry
Tile Classic Bamboo 1,High Arrange Ashore 1
Tile Classic Bamboo 2,High Arrange Ashore 2
Tile Classic Bamboo 3,High Arrange Ashore 3
Tile Classic Bamboo 4,High Arrange Ashore 4
Tile Classic Bamboo 5,High Arrange Ashore 5
Tile Classic Bamboo 6,High Arrange Ashore 6
Tile Classic Bamboo 7,High Arrange Ashore 7
Tile Classic Bamboo 8,High Arrange Ashore 8
Tile Classic Bamboo 9,High Arrange Ashore 9
Dots,Ever
Tile Classic Dots 1,High Arrange Ever 1
Tile Classic Dots 2,High Arrange Ever 2
Tile Classic Dots 3,High Arrange Ever 3
Tile Classic Dots 4,High Arrange Ever 4
Tile Classic Dots 5,High Arrange Ever 5
Tile Classic Dots 6,High Arrange Ever 6
Tile Classic Dots 7,High Arrange Ever 7
Tile Classic Dots 8,High Arrange Ever 8
Tile Classic Dots 9,High Arrange Ever 9
East,Mass
Tile Classic East,High Arrange Mass
Green,Chary
Tile Classic Green,High Arrange Chary
North,Fiord
Tile Classic North,High Arrange Fiord
Tile Classic Red,High Arrange Sex
South,Where
Tile Classic South,High Arrange Where
Symbol,Heater
Tile Classic Symbol 1,High Arrange Heater 1
Tile Classic Symbol 2,High Arrange Heater 2
Tile Classic Symbol 3,High Arrange Heater 3
Tile Classic Symbol 4,High Arrange Heater 4
Tile Classic Symbol 5,High Arrange Heater 5
Tile Classic Symbol 6,High Arrange Heater 6
Tile Classic Symbol 7,High Arrange Heater 7
Tile Classic Symbol 8,High Arrange Heater 8
Tile Classic Symbol 9,High Arrange Heater 9
West,Play
Tile Classic West,High Arrange Play
White,Favor
Tile Classic White,High Arrange Favor
Tile Simple Bamboo,High Anyway Ashore
Tile Simple Chrisanthenum,High Anyway Uncompetitive
Tile Simple Orchid,High Anyway Orchid
Tile Simple Plum,High Anyway High
Tile Simple Autumn,High Anyway Closet
Tile Simple Spring,High Anyway Retail
Tile Simple Summer,High Anyway Halite
Tile Simple Winter,High Anyway Outcry
Tile Simple Bamboo 1,High Anyway Ashore 1
Tile Simple Bamboo 2,High Anyway Ashore 2
Tile Simple Bamboo 3,High Anyway Ashore 3
Tile Simple Bamboo 4,High Anyway Ashore 4
Tile Simple Bamboo 5,High Anyway Ashore 5
Tile Simple Bamboo 6,High Anyway Ashore 6
Tile Simple Bamboo 7,High Anyway Ashore 7
Tile Simple Bamboo 8,High Anyway Ashore 8
Tile Simple Bamboo 9,High Anyway Ashore 9
Tile Simple Dots 1,High Anyway Ever 1
Tile Simple Dots 2,High Anyway Ever 2
Tile Simple Dots 3,High Anyway Ever 3
Tile Simple Dots 4,High Anyway Ever 4
Tile Simple Dots 5,High Anyway Ever 5
Tile Simple Dots 6,High Anyway Ever 6
Tile Simple Dots 7,High Anyway Ever 7
Tile Simple Dots 8,High Anyway Ever 8
Tile Simple Dots 9,High Anyway Ever 9
Tile Simple East,High Anyway Mass
Tile Simple Green,High Anyway Chary
Tile Simple North,High Anyway Fiord
Tile Simple Red,High Anyway Sex
Tile Simple South,High Anyway Where
Tile Simple Symbol  1,High Anyway Heater  1
Tile Simple Symbol  2,High Anyway Heater  2
Tile Simple Symbol  3,High Anyway Heater  3
Tile Simple Symbol  4,High Anyway Heater  4
Tile Simple Symbol  5,High Anyway Heater  5
Tile Simple Symbol  6,High Anyway Heater  6
Tile Simple Symbol  7,High Anyway Heater  7
Tile Simple Symbol  8,High Anyway Heater  8
Tile Simple Symbol  9,High Anyway Heater  9
Tile Simple West,High Anyway Play
Tile Simple White,High Anyway Favor
PB,PB
BG,BG
goldcard,Superbly
PB_BG_goldcard,PB_BG_Superbly
golden,Bother
Tile Classic golden,High Arrange Bother
Empty,Widen
Tile Classic Empty,High Arrange Widen
Tile Simple Empty,High Anyway Widen
Border,Fuller
TileLeftBorder,HighOvenFuller
Tiles,Boron
Shadow,Bubbly
Tiles-Shadow,Boron-Bubbly
UI,UI
TopBar,AskHim
UI TopBar Level,UI AskHim Tenth
redbot,Mental
Btn_Daily_redbot,Dew_Field_Mental
round,Dimly
Btn_Daily_round,Dew_Field_Dimly
Btn_Daily_Title,Dew_Field_Anger
green,Trust
Btn_green_Daily,Dew_Trust_Field
grey,Fork
Btn_grey_Daily,Dew_Fork_Field
X,X
Btn_X_Daily,Dew_X_Field
Yellow,Biotic
Btn_Yellow_Daily,Dew_Biotic_Field
Icon_Gem_Daily,Page_Per_Field
daily,Guest
Icon_Video_daily,Page_Under_Guest
PopBG,DewBG
PopBG_Daily,DewBG_Field
RewardBar,RadiumHim
RewardBar_Daily,RadiumHim_Field
Title_bg_Daily_1,Anger_At_Field_1
Title_bg_Daily_2,Anger_At_Field_2
Title_Daily,Anger_Field
Card,Next
UI_Card_Daily,UI_Next_Field
Btn_Continue,Dew_Geologic
Icon_Video,Page_Under
NumberBar,VacantHim
NumberBar_Continue,VacantHim_Geologic
Number_1,Vacant_1
Number_2,Vacant_2
Number_3,Vacant_3
Number_4,Vacant_4
Number_5,Vacant_5
PopBG_Continue,DewBG_Geologic
Title_Continue,Anger_Geologic
Circle,Jobber
Circle01,Jobber01
Circle03,Jobber03
Effects,Shyness
Effects_Circle,Shyness_Jobber
Glow,Oven
Effects_Glow,Shyness_Oven
GlowCircle,OvenJobber
Effects_GlowCircle,Shyness_OvenJobber
Ray,Map
Ray01,Map01
Star,Path
Star01,Path01
Fx,Go
FxGoldIcon,GoBoldPage
UI_FxGoldIcon,UI_GoBoldPage
MainUI,ClanUI
Table,Crook
TableBG,CrookBG
TableBG_2,CrookBG_2
TableBG_3,CrookBG_3
TableBG_4,CrookBG_4
TableBG_5,CrookBG_5
TableBG_6,CrookBG_6
TableBG_7,CrookBG_7
TableBG_8,CrookBG_8
BigGem,VasPer
BigGem_reward,VasPer_Cellar
L,L
Btn_Reward_L_1,Dew_Radium_L_1
Doubling,Exponent
Slots,Major
DoublingSlots,ExponentMajor
DoublingSlots_1,ExponentMajor_1
DoublingSlots_2,ExponentMajor_2
DoublingSlots_3 2,ExponentMajor_3 2
DoublingSlots_3,ExponentMajor_3
card,Lien
DoublingSlots_card,ExponentMajor_Lien
DoublingSlots_text_15,ExponentMajor_Coil_15
DoublingSlots_text_2,ExponentMajor_Coil_2
DoublingSlots_text_3,ExponentMajor_Coil_3
DoublingSlots_text_4,ExponentMajor_Coil_4
DoublingSlots_text_5,ExponentMajor_Coil_5
video,Steal
Icon_video,Page_Steal
phoenix,Defense
spine,Faint
phoenix_spine,Defense_Faint
PopBG_Reward_L,DewBG_Radium_L
Congratulations,Desertification
Title_Congratulations_L,Anger_Desertification_L
Light,Salad
Title_Light,Anger_Salad
GemBG,PerBG
UI_GemBG,UI_PerBG
Btn_star_1,Dew_Aide_1
Btn_star_2,Dew_Aide_2
D,D
E,E
LoadingBG,ExpressBG
LoadingLOGO,ExpressLOGO
LoadingLOGO_1,ExpressLOGO_1
M,M
loading,Amnesia
PB_loading_1,PB_Amnesia_1
PB_loading_bg,PB_Amnesia_At
UI_Hand,UI_Bark
Ani,Rob
UI_Hand_Ani_1,UI_Bark_Rob_1
UI_Hand_Ani_2,UI_Bark_Rob_2
UI_Hand_Ani_3,UI_Bark_Rob_3
UI_Hand_Ani_4,UI_Bark_Rob_4
UI_Hand_Ani_5,UI_Bark_Rob_5
UI_Hand_Ani_6,UI_Bark_Rob_6
UI_Hand_Ani_7,UI_Bark_Rob_7
UI_Hand_Ani_8,UI_Bark_Rob_8
UI_Hand_Ani_9,UI_Bark_Rob_9
NewPlayTextBG,FoxInchSagoBG
UI_NewPlayTextBG,UI_FoxInchSagoBG
Pao,Hot
UI_Pao,UI_Hot
x,x
RateUs,MoodDy
Btn_x_RateUs,Dew_x_MoodDy
PopBG_RateUs,DewBG_MoodDy
off,Any
Star_off,Path_Any
Star_on,Path_Ox
Title_RateUs,Anger_MoodDy
S,S
Btn_Reward_S,Dew_Radium_S
PopBG_Reward_S,DewBG_Radium_S
Title_Congratulations,Anger_Desertification
setting,Consort
Btn_setting,Dew_Consort
red,Any
Btn_Setting_red,Dew_Ingoing_Any
yellow,Mouldy
Btn_Setting_yellow,Dew_Ingoing_Mouldy
PopBG_setting,DewBG_Consort
OFF,OFF
sound,Messy
Switch_OFF_sound,Desire_OFF_Messy
ON,ON
Switch_ON_sound,Desire_ON_Messy
TitleBG,AngerBG
TitleBG_setting,AngerBG_Consort
TitleBG_setting_2,AngerBG_Consort_2
Title_Setting,Anger_Ingoing
pack,Vole
bg_pack1,At_Vole1
title,Silly
bg_title_02,At_Silly_02
icon_bg_01,Gist_At_01
icon_bg_02,Gist_At_02
light_pack1,Dwarf_Vole1
shop,Prod
shop_bg_02,Prod_At_02
打折标签,打折标签
提示标签,提示标签
Win,Pen
bar,Big
UI_Win_bar,UI_Pen_Big
Sound_BGM,Wispy_BGM
Clickmj,Bequest
Sound_Clickmj,Wispy_Bequest
matchmj,Confirm
Sound_matchmj,Wispy_Confirm
shibai,Onward
Sound_shibai,Wispy_Onward
Sound_GoldCoin,Wispy_BoldDumb
Arm,Get
Bandit,Reheat
OneArmBandit,SetGetReheat
Sound_OneArmBandit,Wispy_SetGetReheat
Sound_PopShow,Wispy_DewBead
UIButton,UIPiston
Sound_UIButton,Wispy_UIPiston
ButtonGreen,PistonChary
FlyObj,GutSun
new,Sac
newSelect,SacCanada
ButtonLayer,PistonBleak
ButtonLevelNew,PistonTenthFox
Edit,Lord
ModeButton,FlopPiston
Play_Edit_ModeButton,Inch_Lord_FlopPiston
ScrollPanel,UnfairStore
ScrollPanelNew,UnfairStoreFox
ScrollPanelNew_12,UnfairStoreFox_12
ScrollPanelNew_4,UnfairStoreFox_4
ScrollPanelNew_8,UnfairStoreFox_8
Inc,Ice
Dec,Far
IncDecGridSetPrefab,IceFarDripFadOnward
Solid,Lover
SolidLineRenderer,LoverBardCreature
GridCell,DripJust
Mahjong,Billion
MahjongTile,BillionHigh
MahjongTile2x2 1,BillionHigh2x2 1
MahjongTile2x2,BillionHigh2x2
Flyer,Stock
MatchScoreFlyer,VarveFavorStock
About,Bylaw
AboutPU,BylawPU
Achievements,Purposefully
AchievementsPU,PurposefullyPU
Achievement,Chlorophyll
MatchSpritesAchievementLine,VarveRailwayChlorophyllBard
UseHintAchievementLine,UrnCanyChlorophyllBard
UseShuffleAchievementLine,UrnWherebyChlorophyllBard
LevelsAchievementLine,UranusChlorophyllBard
Win5LevelsAchievementLine,Pen5UranusChlorophyllBard
Rewards,Feather
RewardsPU,FeatherPU
shuffle,Sustain
hint,Tell
RewardsPU_shuffle1_hint1,FeatherPU_Sustain1_Tell1
Free,Mast
GetFreeHint,OwnMastCany
GetFreeShuffle,OwnMastWhereby
LoadGroupPU,TallThingPU
Matches,Purpose
NoMatchesPU,WePurposePU
Profile,Monitor
ProfilePU,MonitorPU
Theme,Varve
ThemeButton,VarvePiston
ThemeIconPrefab,VarvePageOnward
ThemePU,VarvePU
ScreenPU,RejoinPU
WinPU,PenPU
Scriptable,Ultimately
Holder,Outfit
ScriptableHolder,UltimatelyOutfit
ProgressBar,MandibleHim
ResourceBar,VerballyHim
RewardItem,RadiumCult
Tab,War
TextBG,SagoBG
CashOutPanel,ArabButStore
Particle,Elephant
UIParticleSystem,UIElephantRegret
ServerData,OxygenLoom
IConfigManager,IFellowAnalyze

